{
  "extreme": 0.5469734364272266,
  "high": 0.35933583965075194,
  "high_cold": 0.35933583965075194,
  "low": 0.6427762300721593,
  "low_cold": 0.6370862316957568,
  "vh": 0.3239059193205167,
  "vh_cold": 0.8120888852683219,
  "vh_extreme_cold": 0.5606526238129379,
  "cold_high_extreme": 0.32787940588517894,
  "cold_low_norisk": 0.48962799698173975,
  "warm_vh_rescue": 0.45330442869103466
}