{
  "extreme": 0.6055373090224929,
  "high": 0.39742772315826186,
  "high_cold": 0.38061985655239744,
  "low": 0.6476689295543486,
  "low_cold": 0.6422455160336792,
  "vh": 0.4301921938980312,
  "vh_cold": 0.9303138914583217,
  "vh_extreme_cold": 0.6305063257923231,
  "cold_high_extreme": 0.003,
  "cold_vh_in_extreme": 0.05,
  "warm_vh_rescue_vhfrac": 0.75,
  "cold_vh_vhfrac_gate": 0.90,
  "cold_low_norisk": 0.5049104742572431,
  "warm_vh_rescue": 0.4850177826467167
}