{
  "extreme": 0.535741763346688,
  "high": 0.3799235000746628,
  "high_cold": 0.3799235000746628,
  "low": 0.6248669616333689,
  "low_cold": 0.6248669616333689,
  "vh": 0.510165403816587,
  "vh_cold": 0.8274635490481632,
  "vh_extreme_cold": 0.688892694622252,
  "warm_vh_rescue": 0.4301745224726513,
  "cold_ord_gate": 0.10,
  "extreme_cold": 0.40
}
