{
  "extreme": 0.6055373090224929,
  "high": 0.39742772315826186,
  "high_cold": 0.38061985655239744,
  "low": 0.6476689295543486,
  "low_cold": 0.6422455160336792,
  "vh": 0.4301921938980312,
  "vh_cold": 0.9303138914583217,
  "vh_extreme_cold": 0.99,
  "cold_high_extreme": 0.04,
  "cold_vh_in_extreme": 0.05,
  "warm_vh_rescue_vhfrac": 0.75,
  "cold_vh_vhfrac_gate": 0.90,
  "cold_low_norisk": 0.5049104742572431,
  "warm_vh_rescue": 0.4850177826467167,
  "extreme_cold": 0.50,
  "cold_vh_soft_gate": 0.01,
  "cold_ord_gate": 0.10,
  "cold_low_in_extreme": 1.01,
  "cold_low_in_vh": 1.01,
  "cold_low_in_high": 1.01,
  "cold_low_ord_gate": 0.50,
  "cold_low_e_gate": 0.50,
  "cvh_universal_gate": 0.85,
  "cvh_universal_ord": 0.06,
  "cvh_universal2_gate": 0.50,
  "cvh_universal2_ord": 0.70,
  "cvh_in_extreme_h_floor": 0.05,
  "warm_h_in_extreme": 0.55,
  "ord_fallback_gate": 0.85,
  "cvh_fallback_split": 0.50
}
