{
  "extreme": 0.5938041475736536,
  "high": 0.3959964039403483,
  "high_cold": 0.3958747977503327,
  "low": 0.6293989461852377,
  "low_cold": 0.6079537080782295,
  "vh": 0.38772543553222716,
  "vh_cold": 0.8052736115156545,
  "vh_extreme_cold": 0.6894193843980897,
  "cold_high_extreme": 0.273677325244367,
  "cold_low_norisk": 0.48938949743184923,
  "warm_vh_rescue": 0.4525218572771073
}